dummy_header1,dummy_header2,dummy_header3
test,1,test2
test,2,test2
test,3,test2
test,4,test2
test,5,test2
test,6,test2
test,7,test2
test,8,test2
test,9,test2
test,10,test2
test,11,test2
test,12,test2
test,13,test2
test,14,test2
test,15,test2
test,16,test2
test,17,test2
test,18,test2
test,19,test2
test,20,test2
test,21,test2
test,22,test2
test,23,test2
test,24,test2
test,25,test2
test,26,test2
test,27,test2
test,28,test2
test,29,test2
test,30,test2
test,31,test2
test,32,test2
test,33,test2
test,34,test2
test,35,test2
test,36,test2
test,37,test2
test,38,test2
test,39,test2
test,40,test2
test,41,test2
test,42,test2
test,43,test2
test,44,test2
test,45,test2
test,46,test2
test,47,test2
test,48,test2
test,49,test2
test,50,test2
test,51,test2
test,52,test2
test,53,test2
test,54,test2
test,55,test2
test,56,test2
test,57,test2
test,58,test2
test,59,test2
test,60,test2
test,61,test2
test,62,test2
test,63,test2
test,64,test2
test,65,test2
test,66,test2
test,67,test2
test,68,test2
test,69,test2
test,70,test2
test,71,test2
test,72,test2
test,73,test2
test,74,test2
test,75,test2
test,76,test2
test,77,test2
test,78,test2
test,79,test2
test,80,test2
test,81,test2
test,82,test2
test,83,test2
test,84,test2
test,85,test2
test,86,test2
test,87,test2
test,88,test2
test,89,test2
test,90,test2
test,91,test2
test,92,test2
test,93,test2
test,94,test2
test,95,test2
test,96,test2
test,97,test2
test,98,test2
test,99,test2
test,100,test2
test,101,test2
test,102,test2
test,103,test2
test,104,test2
test,105,test2
test,106,test2
test,107,test2
test,108,test2
test,109,test2
test,110,test2
test,111,test2
test,112,test2
test,113,test2
test,114,test2
test,115,test2
test,116,test2
test,117,test2
test,118,test2
test,119,test2
test,120,test2
test,121,test2
test,122,test2
test,123,test2
test,124,test2
test,125,test2
test,126,test2
test,127,test2
test,128,test2
test,129,test2
test,130,test2
test,131,test2
test,132,test2
test,133,test2
test,134,test2
test,135,test2
test,136,test2
test,137,test2
test,138,test2
test,139,test2
test,140,test2
test,141,test2
test,142,test2
test,143,test2
test,144,test2
test,145,test2
test,146,test2
test,147,test2
test,148,test2
test,149,test2
test,150,test2
test,151,test2
test,152,test2
test,153,test2
test,154,test2
test,155,test2
test,156,test2
test,157,test2
test,158,test2
test,159,test2
test,160,test2
test,161,test2
test,162,test2
test,163,test2
test,164,test2
test,165,test2
test,166,test2
test,167,test2
test,168,test2
test,169,test2
test,170,test2
test,171,test2
test,172,test2
test,173,test2
test,174,test2
test,175,test2
test,176,test2
test,177,test2
test,178,test2
test,179,test2
test,180,test2
test,181,test2
test,182,test2
test,183,test2
test,184,test2
test,185,test2
test,186,test2
test,187,test2
test,188,test2
test,189,test2
test,190,test2
test,191,test2
test,192,test2
test,193,test2
test,194,test2
test,195,test2
test,196,test2
test,197,test2
test,198,test2
test,199,test2
test,200,test2
test,201,test2
test,202,test2
test,203,test2
test,204,test2
test,205,test2
test,206,test2
test,207,test2
test,208,test2
test,209,test2
test,210,test2
test,211,test2
test,212,test2
test,213,test2
test,214,test2
test,215,test2
test,216,test2
test,217,test2
test,218,test2
test,219,test2
test,220,test2
test,221,test2
test,222,test2
test,223,test2
test,224,test2
test,225,test2
test,226,test2
test,227,test2
test,228,test2
test,229,test2
test,230,test2
test,231,test2
test,232,test2
test,233,test2
test,234,test2
test,235,test2
test,236,test2
test,237,test2
test,238,test2
test,239,test2
test,240,test2
test,241,test2
test,242,test2
test,243,test2
test,244,test2
test,245,test2
test,246,test2
test,247,test2
test,248,test2
test,249,test2
test,250,test2
test,251,test2
test,252,test2
test,253,test2
test,254,test2
test,255,test2
test,256,test2
test,257,test2
test,258,test2
test,259,test2
test,260,test2
test,261,test2
test,262,test2
test,263,test2
test,264,test2
test,265,test2
test,266,test2
test,267,test2
test,268,test2
test,269,test2
test,270,test2
test,271,test2
test,272,test2
test,273,test2
test,274,test2
test,275,test2
test,276,test2
test,277,test2
test,278,test2
test,279,test2
test,280,test2
test,281,test2
test,282,test2
test,283,test2
test,284,test2
test,285,test2
test,286,test2
test,287,test2
test,288,test2
test,289,test2
test,290,test2
test,291,test2
test,292,test2
test,293,test2
test,294,test2
test,295,test2
test,296,test2
test,297,test2
test,298,test2
test,299,test2
test,300,test2
test,301,test2
test,302,test2
test,303,test2
test,304,test2
test,305,test2
test,306,test2
test,307,test2
test,308,test2
test,309,test2
test,310,test2
test,311,test2
test,312,test2
test,313,test2
test,314,test2
test,315,test2
test,316,test2
test,317,test2
test,318,test2
test,319,test2
test,320,test2
test,321,test2
test,322,test2
test,323,test2
test,324,test2
test,325,test2
test,326,test2
test,327,test2
test,328,test2
test,329,test2
test,330,test2
test,331,test2
test,332,test2
test,333,test2
test,334,test2
test,335,test2
test,336,test2
test,337,test2
test,338,test2
test,339,test2
test,340,test2
test,341,test2
test,342,test2
test,343,test2
test,344,test2
test,345,test2
test,346,test2
test,347,test2
test,348,test2
test,349,test2
test,350,test2
test,351,test2
test,352,test2
test,353,test2
test,354,test2
test,355,test2
test,356,test2
test,357,test2
test,358,test2
test,359,test2
test,360,test2
test,361,test2
test,362,test2
test,363,test2
test,364,test2
test,365,test2
test,366,test2
test,367,test2
test,368,test2
test,369,test2
test,370,test2
test,371,test2
test,372,test2
test,373,test2
test,374,test2
test,375,test2
test,376,test2
test,377,test2
test,378,test2
test,379,test2
test,380,test2
test,381,test2
test,382,test2
test,383,test2
test,384,test2
test,385,test2
test,386,test2
test,387,test2
test,388,test2
test,389,test2
test,390,test2
test,391,test2
test,392,test2
test,393,test2
test,394,test2
test,395,test2
test,396,test2
test,397,test2
test,398,test2
test,399,test2
test,400,test2
test,401,test2
test,402,test2
test,403,test2
test,404,test2
test,405,test2
test,406,test2
test,407,test2
test,408,test2
test,409,test2
test,410,test2
test,411,test2
test,412,test2
test,413,test2
test,414,test2
test,415,test2
test,416,test2
test,417,test2
test,418,test2
test,419,test2
test,420,test2
test,421,test2
test,422,test2
test,423,test2
test,424,test2
test,425,test2
test,426,test2
test,427,test2
test,428,test2
test,429,test2
test,430,test2
test,431,test2
test,432,test2
test,433,test2
test,434,test2
test,435,test2
test,436,test2
test,437,test2
test,438,test2
test,439,test2
test,440,test2
test,441,test2
test,442,test2
test,443,test2
test,444,test2
test,445,test2
test,446,test2
test,447,test2
test,448,test2
test,449,test2
test,450,test2
test,451,test2
test,452,test2
test,453,test2
test,454,test2
test,455,test2
test,456,test2
test,457,test2
test,458,test2
test,459,test2
test,460,test2
test,461,test2
test,462,test2
test,463,test2
test,464,test2
test,465,test2
test,466,test2
test,467,test2
test,468,test2
test,469,test2
test,470,test2
test,471,test2
test,472,test2
test,473,test2
test,474,test2
test,475,test2
test,476,test2
test,477,test2
test,478,test2
test,479,test2
test,480,test2
test,481,test2
test,482,test2
test,483,test2
test,484,test2
test,485,test2
test,486,test2
test,487,test2
test,488,test2
test,489,test2
test,490,test2
test,491,test2
test,492,test2
test,493,test2
test,494,test2
test,495,test2
test,496,test2
test,497,test2
test,498,test2
test,499,test2
test,500,test2
test,501,test2
test,502,test2
test,503,test2
test,504,test2
test,505,test2
test,506,test2
test,507,test2
test,508,test2
test,509,test2
test,510,test2
test,511,test2
test,512,test2
test,513,test2
test,514,test2
test,515,test2
test,516,test2
test,517,test2
test,518,test2
test,519,test2
test,520,test2
test,521,test2
test,522,test2
test,523,test2
test,524,test2
test,525,test2
test,526,test2
test,527,test2
test,528,test2
test,529,test2
test,530,test2
test,531,test2
test,532,test2
test,533,test2
test,534,test2
test,535,test2
test,536,test2
test,537,test2
test,538,test2
test,539,test2
test,540,test2
test,541,test2
test,542,test2
test,543,test2
test,544,test2
test,545,test2
test,546,test2
test,547,test2
test,548,test2
test,549,test2
test,550,test2
test,551,test2
test,552,test2
test,553,test2
test,554,test2
test,555,test2
test,556,test2
test,557,test2
test,558,test2
test,559,test2
test,560,test2
test,561,test2
test,562,test2
test,563,test2
test,564,test2
test,565,test2
test,566,test2
test,567,test2
test,568,test2
test,569,test2
test,570,test2
test,571,test2
test,572,test2
test,573,test2
test,574,test2
test,575,test2
test,576,test2
test,577,test2
test,578,test2
test,579,test2
test,580,test2
test,581,test2
test,582,test2
test,583,test2
test,584,test2
test,585,test2
test,586,test2
test,587,test2
test,588,test2
test,589,test2
test,590,test2
test,591,test2
test,592,test2
test,593,test2
test,594,test2
test,595,test2
test,596,test2
test,597,test2
test,598,test2
test,599,test2
test,600,test2
test,601,test2
test,602,test2
test,603,test2
test,604,test2
test,605,test2
test,606,test2
test,607,test2
test,608,test2
test,609,test2
test,610,test2
test,611,test2
test,612,test2
test,613,test2
test,614,test2
test,615,test2
test,616,test2
test,617,test2
test,618,test2
test,619,test2
test,620,test2
test,621,test2
test,622,test2
test,623,test2
test,624,test2
test,625,test2
test,626,test2
test,627,test2
test,628,test2
test,629,test2
test,630,test2
test,631,test2
test,632,test2
test,633,test2
test,634,test2
test,635,test2
test,636,test2
test,637,test2
test,638,test2
test,639,test2
test,640,test2
test,641,test2
test,642,test2
test,643,test2
test,644,test2
test,645,test2
test,646,test2
test,647,test2
test,648,test2
test,649,test2
test,650,test2
test,651,test2
test,652,test2
test,653,test2
test,654,test2
test,655,test2
test,656,test2
test,657,test2
test,658,test2
test,659,test2
test,660,test2
test,661,test2
test,662,test2
test,663,test2
test,664,test2
test,665,test2
test,666,test2
test,667,test2
test,668,test2
test,669,test2
test,670,test2
test,671,test2
test,672,test2
test,673,test2
test,674,test2
test,675,test2
test,676,test2
test,677,test2
test,678,test2
test,679,test2
test,680,test2
test,681,test2
test,682,test2
test,683,test2
test,684,test2
test,685,test2
test,686,test2
test,687,test2
test,688,test2
test,689,test2
test,690,test2
test,691,test2
test,692,test2
test,693,test2
test,694,test2
test,695,test2
test,696,test2
test,697,test2
test,698,test2
test,699,test2
test,700,test2
test,701,test2
test,702,test2
test,703,test2
test,704,test2
test,705,test2
test,706,test2
test,707,test2
test,708,test2
test,709,test2
test,710,test2
test,711,test2
test,712,test2
test,713,test2
test,714,test2
test,715,test2
test,716,test2
test,717,test2
test,718,test2
test,719,test2
test,720,test2
test,721,test2
test,722,test2
test,723,test2
test,724,test2
test,725,test2
test,726,test2
test,727,test2
test,728,test2
test,729,test2
test,730,test2
test,731,test2
test,732,test2
test,733,test2
test,734,test2
test,735,test2
test,736,test2
test,737,test2
test,738,test2
test,739,test2
test,740,test2
test,741,test2
test,742,test2
test,743,test2
test,744,test2
test,745,test2
test,746,test2
test,747,test2
test,748,test2
test,749,test2
test,750,test2
test,751,test2
test,752,test2
test,753,test2
test,754,test2
test,755,test2
test,756,test2
test,757,test2
test,758,test2
test,759,test2
test,760,test2
test,761,test2
test,762,test2
test,763,test2
test,764,test2
test,765,test2
test,766,test2
test,767,test2
test,768,test2
test,769,test2
test,770,test2
test,771,test2
test,772,test2
test,773,test2
test,774,test2
test,775,test2
test,776,test2
test,777,test2
test,778,test2
test,779,test2
test,780,test2
test,781,test2
test,782,test2
test,783,test2
test,784,test2
test,785,test2
test,786,test2
test,787,test2
test,788,test2
test,789,test2
test,790,test2
test,791,test2
test,792,test2
test,793,test2
test,794,test2
test,795,test2
test,796,test2
test,797,test2
test,798,test2
test,799,test2
test,800,test2
test,801,test2
test,802,test2
test,803,test2
test,804,test2
test,805,test2
test,806,test2
test,807,test2
test,808,test2
test,809,test2
test,810,test2
test,811,test2
test,812,test2
test,813,test2
test,814,test2
test,815,test2
test,816,test2
test,817,test2
test,818,test2
test,819,test2
test,820,test2
test,821,test2
test,822,test2
test,823,test2
test,824,test2
test,825,test2
test,826,test2
test,827,test2
test,828,test2
test,829,test2
test,830,test2
test,831,test2
test,832,test2
test,833,test2
test,834,test2
test,835,test2
test,836,test2
test,837,test2
test,838,test2
test,839,test2
test,840,test2
test,841,test2
test,842,test2
test,843,test2
test,844,test2
test,845,test2
test,846,test2
test,847,test2
test,848,test2
test,849,test2
test,850,test2
test,851,test2
test,852,test2
test,853,test2
test,854,test2
test,855,test2
test,856,test2
test,857,test2
test,858,test2
test,859,test2
test,860,test2
test,861,test2
test,862,test2
test,863,test2
test,864,test2
test,865,test2
test,866,test2
test,867,test2
test,868,test2
test,869,test2
test,870,test2
test,871,test2
test,872,test2
test,873,test2
test,874,test2
test,875,test2
test,876,test2
test,877,test2
test,878,test2
test,879,test2
test,880,test2
test,881,test2
test,882,test2
test,883,test2
test,884,test2
test,885,test2
test,886,test2
test,887,test2
test,888,test2
test,889,test2
test,890,test2
test,891,test2
test,892,test2
test,893,test2
test,894,test2
test,895,test2
test,896,test2
test,897,test2
test,898,test2
test,899,test2
test,900,test2
test,901,test2
test,902,test2
test,903,test2
test,904,test2
test,905,test2
test,906,test2
test,907,test2
test,908,test2
test,909,test2
test,910,test2
test,911,test2
test,912,test2
test,913,test2
test,914,test2
test,915,test2
test,916,test2
test,917,test2
test,918,test2
test,919,test2
test,920,test2
test,921,test2
test,922,test2
test,923,test2
test,924,test2
test,925,test2
test,926,test2
test,927,test2
test,928,test2
test,929,test2
test,930,test2
test,931,test2
test,932,test2
test,933,test2
test,934,test2
test,935,test2
test,936,test2
test,937,test2
test,938,test2
test,939,test2
test,940,test2
test,941,test2
test,942,test2
test,943,test2
test,944,test2
test,945,test2
test,946,test2
test,947,test2
test,948,test2
test,949,test2
test,950,test2
test,951,test2
test,952,test2
test,953,test2
test,954,test2
test,955,test2
test,956,test2
test,957,test2
test,958,test2
test,959,test2
test,960,test2
test,961,test2
test,962,test2
test,963,test2
test,964,test2
test,965,test2
test,966,test2
test,967,test2
test,968,test2
test,969,test2
test,970,test2
test,971,test2
test,972,test2
test,973,test2
test,974,test2
test,975,test2
test,976,test2
test,977,test2
test,978,test2
test,979,test2
test,980,test2
test,981,test2
test,982,test2
test,983,test2
test,984,test2
test,985,test2
test,986,test2
test,987,test2
test,988,test2
test,989,test2
test,990,test2
test,991,test2
test,992,test2
test,993,test2
test,994,test2
test,995,test2
test,996,test2
test,997,test2
test,998,test2
test,999,test2
test,1000,test2
